month,sample_size,hit_rate,avg_predicted_return,avg_actual_return,sharpe
2024-11,49,0.673469387755102,2.9891014579179527,0.830129577026165,7.1359271797152735
2024-12,860,0.4848837209302326,2.7768599557924603,-0.18565296186948874,1.3937101027302763
2025-01,926,0.6241900647948164,3.656143470990449,0.32010217155113735,4.708207781466697
2025-02,842,0.5712589073634204,3.1139395898670834,-0.1167531546578094,2.1513209726896974
2025-03,912,0.5668859649122807,2.8325398296157047,-0.05022310590181728,2.6905000947817115
2025-04,969,0.7275541795665634,2.6438322641517904,0.14935563186384374,8.641346614164792
2025-05,535,0.6242990654205608,3.2310809471935595,0.51008501706671,3.4860941449251723
