month,sample_size,hit_rate,avg_predicted_return,avg_actual_return,sharpe
2024-12,118,0.3983050847457627,-0.7475410100371284,0.006385478582754762,-1.5950201516391784
2025-01,80,0.5,0.18664801201858527,0.0030942536089240856,-1.7030186348788858
2025-02,110,0.6454545454545455,-2.209546679943171,-0.008843976834759184,4.938403992291302
2025-03,213,0.5868544600938967,-1.2083629263886588,-0.0062554089453081075,1.0348809480321035
2025-04,357,0.4257703081232493,0.5834237524574648,-0.014114388561199221,-4.7106157058679035
2025-05,85,0.5294117647058824,0.737208269268548,0.013045604153298375,-3.043006704794988
