year_week,mae,rmse,hit_rate,false_buy_count,buy_signals,false_buy_rate
2025-18,0.8575836734635419,1.1726811359452793,0.3907894736842105,89,161,0.5527950310559007
2025-19,1.1190019928428636,1.7239274876107822,0.6,2,11,0.18181818181818182
